﻿<?xml version="1.0" encoding="utf-8" ?>
<c2eventsheet>
    <!--All the 'name' attributes are ignored by Construct 2 - they are there for readability only.-->
    <name>gamesheet</name>
    <events>
        <variable constant="0" name="music" sid="596088542323534" static="0" type="number">0</variable>
        <variable constant="0" name="paused" sid="350642897348726" static="0" type="number">0</variable>
        <variable constant="0" name="gamescore" sid="883252145954380" static="0" type="number">0</variable>
        <variable constant="0" name="foody" sid="855155496586536" static="0" type="number">0</variable>
        <variable constant="0" name="foodx" sid="909450407264713" static="0" type="number">0</variable>
        <variable constant="0" name="whatfood" sid="952428289849310" static="0" type="number">0</variable>
        <variable constant="0" name="bodyy" sid="680176692411659" static="0" type="number">32</variable>
        <variable constant="0" name="bodyx" sid="378175037104341" static="0" type="number">0</variable>
        <variable constant="0" name="snakespeed" sid="758547324698354" static="0" type="number">0.5</variable>
        <variable constant="0" name="headx" sid="303874931190463" static="0" type="number">8</variable>
        <variable constant="0" name="heady" sid="337531134494785" static="0" type="number">12</variable>
        <variable constant="0" name="bodylength" sid="449575990059727" static="0" type="number">1</variable>
        <event-block sid="256120698243566">
            <conditions>
                <condition id="-2" name="On start of layout" sid="454788073871472" type="System" />
            </conditions>
            <actions>
                <action id="-1" name="Set X" sid="642227293855473" type="head">
                    <param id="0" name="X">32*headx+80</param>
                </action>
                <action id="-2" name="Set Y" sid="827528238420113" type="head">
                    <param id="0" name="Y">32*heady+176</param>
                </action>
                <action id="-9" name="Set value" sid="152538563882494" type="System">
                    <param id="0" name="Variable">gamescore</param>
                    <param id="1" name="Value">0</param>
                </action>
                <action id="-9" name="Set value" sid="231580037739051" type="System">
                    <param id="0" name="Variable">bodylength</param>
                    <param id="1" name="Value">1</param>
                </action>
                <action id="-9" name="Set value" sid="432327006202481" type="System">
                    <param id="0" name="Variable">snakespeed</param>
                    <param id="1" name="Value">1</param>
                </action>
            </actions>
        </event-block>
        <event-group description="" sid="307523060114659" title="SnakeMove">
            <sub-events>
                <event-block sid="305381053967173">
                    <conditions>
                        <condition id="3" name="On touched object" sid="652261980680036" type="Touch">
                            <param id="0" name="Object">rightgo</param>
                        </condition>
                    </conditions>
                    <actions>
                        <action id="-8" name="Set angle" sid="899676642450980" type="head">
                            <param id="0" name="Angle">head.Angle+90</param>
                        </action>
                        <action id="-10" name="Set value" sid="259198365241590" type="head">
                            <param id="0" name="Instance variable">move</param>
                            <param id="1" name="Value">(head.move+1)%4</param>
                        </action>
                    </actions>
                </event-block>
                <event-block sid="724327328581943">
                    <conditions>
                        <condition id="3" name="On touched object" sid="197482927222543" type="Touch">
                            <param id="0" name="Object">leftgo</param>
                        </condition>
                    </conditions>
                    <actions>
                        <action id="-8" name="Set angle" sid="130157570803403" type="head">
                            <param id="0" name="Angle">head.Angle-90</param>
                        </action>
                        <action id="-10" name="Set value" sid="502447430291478" type="head">
                            <param id="0" name="Instance variable">move</param>
                            <param id="1" name="Value">(head.move+3)%4</param>
                        </action>
                    </actions>
                </event-block>
                <event-block sid="448812317835097">
                    <conditions>
                        <condition id="-6" name="Every X seconds" sid="676087930417161" type="System">
                            <param id="0" name="Interval (seconds)">snakespeed*0.5</param>
                        </condition>
                    </conditions>
                    <actions />
                    <sub-events>
                        <event-block sid="885396118358591">
                            <conditions>
                                <condition id="-7" name="Compare instance variable" sid="263898029886112" type="head">
                                    <param id="0" name="Instance variable">move</param>
                                    <param id="1" name="Comparison">0</param>
                                    <param id="2" name="Value">0</param>
                                </condition>
                            </conditions>
                            <actions>
                                <action id="-2" name="Set Y" sid="243270031118698" type="head">
                                    <param id="0" name="Y">head.Y-32</param>
                                </action>
                                <action id="-9" name="Set value" sid="161822569141081" type="System">
                                    <param id="0" name="Variable">bodyx</param>
                                    <param id="1" name="Value">0</param>
                                </action>
                                <action id="-9" name="Set value" sid="408358340050132" type="System">
                                    <param id="0" name="Variable">bodyy</param>
                                    <param id="1" name="Value">32</param>
                                </action>
                            </actions>
                        </event-block>
                        <event-block sid="261091914222847">
                            <conditions>
                                <condition id="-7" name="Compare instance variable" sid="742398044070382" type="head">
                                    <param id="0" name="Instance variable">move</param>
                                    <param id="1" name="Comparison">0</param>
                                    <param id="2" name="Value">1</param>
                                </condition>
                            </conditions>
                            <actions>
                                <action id="-1" name="Set X" sid="230994958915014" type="head">
                                    <param id="0" name="X">head.X+32</param>
                                </action>
                                <action id="-9" name="Set value" sid="240748899630610" type="System">
                                    <param id="0" name="Variable">bodyx</param>
                                    <param id="1" name="Value">-32</param>
                                </action>
                                <action id="-9" name="Set value" sid="859978105874415" type="System">
                                    <param id="0" name="Variable">bodyy</param>
                                    <param id="1" name="Value">0</param>
                                </action>
                            </actions>
                        </event-block>
                        <event-block sid="489147639769359">
                            <conditions>
                                <condition id="-7" name="Compare instance variable" sid="839112872176928" type="head">
                                    <param id="0" name="Instance variable">move</param>
                                    <param id="1" name="Comparison">0</param>
                                    <param id="2" name="Value">2</param>
                                </condition>
                            </conditions>
                            <actions>
                                <action id="-2" name="Set Y" sid="420691000494604" type="head">
                                    <param id="0" name="Y">head.Y+32</param>
                                </action>
                                <action id="-9" name="Set value" sid="702430030824484" type="System">
                                    <param id="0" name="Variable">bodyx</param>
                                    <param id="1" name="Value">0</param>
                                </action>
                                <action id="-9" name="Set value" sid="465326976054253" type="System">
                                    <param id="0" name="Variable">bodyy</param>
                                    <param id="1" name="Value">-32</param>
                                </action>
                            </actions>
                        </event-block>
                        <event-block sid="996894051502091">
                            <conditions>
                                <condition id="-7" name="Compare instance variable" sid="845560967509745" type="head">
                                    <param id="0" name="Instance variable">move</param>
                                    <param id="1" name="Comparison">0</param>
                                    <param id="2" name="Value">3</param>
                                </condition>
                            </conditions>
                            <actions>
                                <action id="-1" name="Set X" sid="440499821780885" type="head">
                                    <param id="0" name="X">head.X-32</param>
                                </action>
                                <action id="-9" name="Set value" sid="796450650405414" type="System">
                                    <param id="0" name="Variable">bodyx</param>
                                    <param id="1" name="Value">32</param>
                                </action>
                                <action id="-9" name="Set value" sid="782219793333916" type="System">
                                    <param id="0" name="Variable">bodyy</param>
                                    <param id="1" name="Value">0</param>
                                </action>
                            </actions>
                        </event-block>
                        <event-block sid="795592482793812">
                            <conditions>
                                <condition id="-1" name="Every tick" sid="806366183262695" type="System" />
                            </conditions>
                            <actions>
                                <action id="-3" name="Create object" sid="943490384744963" type="System">
                                    <param id="0" name="Object to create">body</param>
                                    <param id="1" name="Layer">0</param>
                                    <param id="2" name="X">head.X+bodyx</param>
                                    <param id="3" name="Y">head.Y+bodyy</param>
                                </action>
                                <action id="-29" name="Move to object" sid="463359760599166" type="body">
                                    <param id="0" name="Where">1</param>
                                    <param id="1" name="Object">head</param>
                                </action>
                                <action id="-16" name="Wait" sid="441335978743020" type="System">
                                    <param id="0" name="Seconds">snakespeed*0.5*bodylength</param>
                                </action>
                                <action id="-9" name="Destroy" sid="197519216742715" type="body" />
                            </actions>
                        </event-block>
                    </sub-events>
                </event-block>
            </sub-events>
        </event-group>
        <event-group description="" sid="145118452415900" title="boundary">
            <sub-events>
                <event-block any="1" sid="412250368126359">
                    <conditions>
                        <condition id="-1" name="Compare X" sid="664209294247018" type="head">
                            <param id="0" name="Comparison">4</param>
                            <param id="1" name="X co-ordinate">576</param>
                        </condition>
                        <condition id="-1" name="Compare X" sid="630134640764198" type="head">
                            <param id="0" name="Comparison">2</param>
                            <param id="1" name="X co-ordinate">64</param>
                        </condition>
                        <condition id="-2" name="Compare Y" sid="313471596805950" type="head">
                            <param id="0" name="Comparison">2</param>
                            <param id="1" name="Y co-ordinate">132</param>
                        </condition>
                        <condition id="-2" name="Compare Y" sid="717383764753671" type="head">
                            <param id="0" name="Comparison">4</param>
                            <param id="1" name="Y co-ordinate">704</param>
                        </condition>
                    </conditions>
                    <actions>
                        <action id="-2" name="Go to layout" sid="410028364492891" type="System">
                            <param id="0" name="Layout">gameover</param>
                        </action>
                    </actions>
                </event-block>
                <event-block sid="217057958286241">
                    <conditions>
                        <condition id="0" name="On collision with another object" sid="546351105968490" type="head">
                            <param id="0" name="Object">body</param>
                        </condition>
                    </conditions>
                    <actions>
                        <action id="-2" name="Go to layout" sid="372718273707396" type="System">
                            <param id="0" name="Layout">gameover</param>
                        </action>
                    </actions>
                </event-block>
            </sub-events>
        </event-group>
        <event-group description="" sid="236453002912389" title="MakeFood">
            <sub-events>
                <event-block sid="594031483567462">
                    <conditions>
                        <condition id="-6" name="Every X seconds" sid="692640372944836" type="System">
                            <param id="0" name="Interval (seconds)">int(random(1,5))</param>
                        </condition>
                    </conditions>
                    <actions>
                        <action id="-9" name="Set value" sid="914675579964716" type="System">
                            <param id="0" name="Variable">whatfood</param>
                            <param id="1" name="Value">int(random(0,4))</param>
                        </action>
                        <action disabled="1" id="-9" name="Set value" sid="504358637015542" type="System">
                            <param id="0" name="Variable">whatfood</param>
                            <param id="1" name="Value">0</param>
                        </action>
                        <action id="-9" name="Set value" sid="498878437285615" type="System">
                            <param id="0" name="Variable">foodx</param>
                            <param id="1" name="Value">int(random(0,15))</param>
                        </action>
                        <action id="-9" name="Set value" sid="648586411951611" type="System">
                            <param id="0" name="Variable">foody</param>
                            <param id="1" name="Value">int(random(0,15))</param>
                        </action>
                    </actions>
                    <sub-events>
                        <event-block sid="777302361476927">
                            <conditions>
                                <condition id="-14" name="Compare variable" sid="563385284313952" type="System">
                                    <param id="0" name="Variable">whatfood</param>
                                    <param id="1" name="Comparison">0</param>
                                    <param id="2" name="Value">0</param>
                                </condition>
                            </conditions>
                            <actions>
                                <action id="-3" name="Create object" sid="329492683239873" type="System">
                                    <param id="0" name="Object to create">apple</param>
                                    <param id="1" name="Layer">0</param>
                                    <param id="2" name="X">foodx*32+80</param>
                                    <param id="3" name="Y">foody*32+176</param>
                                </action>
                            </actions>
                            <sub-events>
                                <event-block any="1" sid="419261878254218">
                                    <conditions>
                                        <condition id="1" name="Is overlapping another object" sid="751091429249970" type="apple">
                                            <param id="0" name="Object">body</param>
                                        </condition>
                                        <condition id="1" name="Is overlapping another object" sid="861690791316592" type="apple">
                                            <param id="0" name="Object">apple</param>
                                        </condition>
                                        <condition id="1" name="Is overlapping another object" sid="335674318486834" type="apple">
                                            <param id="0" name="Object">bannana</param>
                                        </condition>
                                        <condition id="1" name="Is overlapping another object" sid="337743856677387" type="apple">
                                            <param id="0" name="Object">cactus</param>
                                        </condition>
                                        <condition id="1" name="Is overlapping another object" sid="243937951685132" type="apple">
                                            <param id="0" name="Object">gam</param>
                                        </condition>
                                        <condition id="1" name="Is overlapping another object" sid="207718219877975" type="apple">
                                            <param id="0" name="Object">grape</param>
                                        </condition>
                                        <condition id="1" name="Is overlapping another object" sid="189727264801674" type="apple">
                                            <param id="0" name="Object">head</param>
                                        </condition>
                                    </conditions>
                                    <actions>
                                        <action id="-9" name="Destroy" sid="986004044866870" type="apple" />
                                    </actions>
                                </event-block>
                                <event-block sid="640840246654662">
                                    <conditions>
                                        <condition id="-22" name="Else" sid="992638364994434" type="System" />
                                    </conditions>
                                    <actions>
                                        <action id="6" name="Set speed" sid="878254620791537" type="apple">
                                            <param id="0" name="Speed">1.5</param>
                                        </action>
                                        <action id="-16" name="Wait" sid="116481321413254" type="System">
                                            <param id="0" name="Seconds">9</param>
                                        </action>
                                        <action id="-9" name="Destroy" sid="896846412082036" type="apple" />
                                    </actions>
                                </event-block>
                            </sub-events>
                        </event-block>
                        <event-block sid="513188417405321">
                            <conditions>
                                <condition id="-14" name="Compare variable" sid="946373162999108" type="System">
                                    <param id="0" name="Variable">whatfood</param>
                                    <param id="1" name="Comparison">0</param>
                                    <param id="2" name="Value">1</param>
                                </condition>
                            </conditions>
                            <actions>
                                <action id="-3" name="Create object" sid="118605069717193" type="System">
                                    <param id="0" name="Object to create">bannana</param>
                                    <param id="1" name="Layer">0</param>
                                    <param id="2" name="X">foodx*32+80</param>
                                    <param id="3" name="Y">foody*32+176</param>
                                </action>
                            </actions>
                            <sub-events>
                                <event-block any="1" sid="967220904434971">
                                    <conditions>
                                        <condition id="1" name="Is overlapping another object" sid="304189423021390" type="bannana">
                                            <param id="0" name="Object">body</param>
                                        </condition>
                                        <condition id="1" name="Is overlapping another object" sid="923634984632650" type="bannana">
                                            <param id="0" name="Object">apple</param>
                                        </condition>
                                        <condition id="1" name="Is overlapping another object" sid="687771182217386" type="bannana">
                                            <param id="0" name="Object">bannana</param>
                                        </condition>
                                        <condition id="1" name="Is overlapping another object" sid="580739018105486" type="bannana">
                                            <param id="0" name="Object">cactus</param>
                                        </condition>
                                        <condition id="1" name="Is overlapping another object" sid="115161956858875" type="bannana">
                                            <param id="0" name="Object">gam</param>
                                        </condition>
                                        <condition id="1" name="Is overlapping another object" sid="296814252530224" type="bannana">
                                            <param id="0" name="Object">grape</param>
                                        </condition>
                                        <condition id="1" name="Is overlapping another object" sid="570537861173990" type="bannana">
                                            <param id="0" name="Object">head</param>
                                        </condition>
                                    </conditions>
                                    <actions>
                                        <action id="-9" name="Destroy" sid="621419863719844" type="bannana" />
                                    </actions>
                                </event-block>
                                <event-block sid="854359685776949">
                                    <conditions>
                                        <condition id="-22" name="Else" sid="616326867248585" type="System" />
                                    </conditions>
                                    <actions>
                                        <action id="6" name="Set speed" sid="517950122078614" type="bannana">
                                            <param id="0" name="Speed">1</param>
                                        </action>
                                        <action id="-16" name="Wait" sid="806841575656350" type="System">
                                            <param id="0" name="Seconds">6</param>
                                        </action>
                                        <action id="-9" name="Destroy" sid="698439016230591" type="bannana" />
                                    </actions>
                                </event-block>
                            </sub-events>
                        </event-block>
                        <event-block sid="825634421880392">
                            <conditions>
                                <condition id="-14" name="Compare variable" sid="526307537340648" type="System">
                                    <param id="0" name="Variable">whatfood</param>
                                    <param id="1" name="Comparison">0</param>
                                    <param id="2" name="Value">2</param>
                                </condition>
                            </conditions>
                            <actions>
                                <action id="-3" name="Create object" sid="904692476327256" type="System">
                                    <param id="0" name="Object to create">cactus</param>
                                    <param id="1" name="Layer">0</param>
                                    <param id="2" name="X">foodx*32+80</param>
                                    <param id="3" name="Y">foody*32+176</param>
                                </action>
                            </actions>
                            <sub-events>
                                <event-block any="1" sid="479171494179195">
                                    <conditions>
                                        <condition id="1" name="Is overlapping another object" sid="342647096844722" type="cactus">
                                            <param id="0" name="Object">body</param>
                                        </condition>
                                        <condition id="1" name="Is overlapping another object" sid="342282326115511" type="cactus">
                                            <param id="0" name="Object">apple</param>
                                        </condition>
                                        <condition id="1" name="Is overlapping another object" sid="454196407155459" type="cactus">
                                            <param id="0" name="Object">bannana</param>
                                        </condition>
                                        <condition id="1" name="Is overlapping another object" sid="221483456056245" type="cactus">
                                            <param id="0" name="Object">cactus</param>
                                        </condition>
                                        <condition id="1" name="Is overlapping another object" sid="471871713851800" type="cactus">
                                            <param id="0" name="Object">gam</param>
                                        </condition>
                                        <condition id="1" name="Is overlapping another object" sid="888065255131790" type="cactus">
                                            <param id="0" name="Object">grape</param>
                                        </condition>
                                        <condition id="1" name="Is overlapping another object" sid="123064684014991" type="cactus">
                                            <param id="0" name="Object">head</param>
                                        </condition>
                                    </conditions>
                                    <actions>
                                        <action id="-9" name="Destroy" sid="952587278242637" type="cactus" />
                                    </actions>
                                </event-block>
                                <event-block sid="906813085311642">
                                    <conditions>
                                        <condition id="-22" name="Else" sid="428827618595338" type="System" />
                                    </conditions>
                                    <actions>
                                        <action id="6" name="Set speed" sid="335809721054333" type="cactus">
                                            <param id="0" name="Speed">2</param>
                                        </action>
                                        <action id="-16" name="Wait" sid="392035569371192" type="System">
                                            <param id="0" name="Seconds">14</param>
                                        </action>
                                        <action id="-9" name="Destroy" sid="924124787211662" type="cactus" />
                                    </actions>
                                </event-block>
                            </sub-events>
                        </event-block>
                        <event-block sid="700418228236985">
                            <conditions>
                                <condition id="-14" name="Compare variable" sid="803412149567739" type="System">
                                    <param id="0" name="Variable">whatfood</param>
                                    <param id="1" name="Comparison">0</param>
                                    <param id="2" name="Value">3</param>
                                </condition>
                            </conditions>
                            <actions>
                                <action id="-3" name="Create object" sid="420613182170907" type="System">
                                    <param id="0" name="Object to create">gam</param>
                                    <param id="1" name="Layer">0</param>
                                    <param id="2" name="X">foodx*32+80</param>
                                    <param id="3" name="Y">foody*32+176</param>
                                </action>
                            </actions>
                            <sub-events>
                                <event-block any="1" sid="798741882030683">
                                    <conditions>
                                        <condition id="1" name="Is overlapping another object" sid="721602145787803" type="gam">
                                            <param id="0" name="Object">body</param>
                                        </condition>
                                        <condition id="1" name="Is overlapping another object" sid="865427551662768" type="gam">
                                            <param id="0" name="Object">apple</param>
                                        </condition>
                                        <condition id="1" name="Is overlapping another object" sid="913400185125160" type="gam">
                                            <param id="0" name="Object">bannana</param>
                                        </condition>
                                        <condition id="1" name="Is overlapping another object" sid="272057081191188" type="gam">
                                            <param id="0" name="Object">cactus</param>
                                        </condition>
                                        <condition id="1" name="Is overlapping another object" sid="408958598304155" type="gam">
                                            <param id="0" name="Object">gam</param>
                                        </condition>
                                        <condition id="1" name="Is overlapping another object" sid="755914092971254" type="gam">
                                            <param id="0" name="Object">grape</param>
                                        </condition>
                                        <condition id="1" name="Is overlapping another object" sid="275064370615458" type="gam">
                                            <param id="0" name="Object">head</param>
                                        </condition>
                                    </conditions>
                                    <actions>
                                        <action id="-9" name="Destroy" sid="265228768961793" type="gam" />
                                    </actions>
                                </event-block>
                                <event-block sid="862900601249125">
                                    <conditions>
                                        <condition id="-22" name="Else" sid="852025618808794" type="System" />
                                    </conditions>
                                    <actions>
                                        <action id="6" name="Set speed" sid="845595916716611" type="gam">
                                            <param id="0" name="Speed">0.8</param>
                                        </action>
                                        <action id="-16" name="Wait" sid="490183312547417" type="System">
                                            <param id="0" name="Seconds">4.8</param>
                                        </action>
                                        <action id="-9" name="Destroy" sid="257042916700184" type="gam" />
                                    </actions>
                                </event-block>
                            </sub-events>
                        </event-block>
                        <event-block sid="475357322660868">
                            <conditions>
                                <condition id="-14" name="Compare variable" sid="915045749264714" type="System">
                                    <param id="0" name="Variable">whatfood</param>
                                    <param id="1" name="Comparison">0</param>
                                    <param id="2" name="Value">4</param>
                                </condition>
                            </conditions>
                            <actions>
                                <action id="-3" name="Create object" sid="525864130322799" type="System">
                                    <param id="0" name="Object to create">grape</param>
                                    <param id="1" name="Layer">0</param>
                                    <param id="2" name="X">foodx*32+80</param>
                                    <param id="3" name="Y">foody*32+176</param>
                                </action>
                            </actions>
                            <sub-events>
                                <event-block any="1" sid="369950481067663">
                                    <conditions>
                                        <condition id="1" name="Is overlapping another object" sid="899856449476121" type="grape">
                                            <param id="0" name="Object">body</param>
                                        </condition>
                                        <condition id="1" name="Is overlapping another object" sid="899343187479723" type="grape">
                                            <param id="0" name="Object">apple</param>
                                        </condition>
                                        <condition id="1" name="Is overlapping another object" sid="699489754597316" type="grape">
                                            <param id="0" name="Object">bannana</param>
                                        </condition>
                                        <condition id="1" name="Is overlapping another object" sid="959088626304400" type="grape">
                                            <param id="0" name="Object">cactus</param>
                                        </condition>
                                        <condition id="1" name="Is overlapping another object" sid="769875630670359" type="grape">
                                            <param id="0" name="Object">gam</param>
                                        </condition>
                                        <condition id="1" name="Is overlapping another object" sid="334888842850344" type="grape">
                                            <param id="0" name="Object">grape</param>
                                        </condition>
                                        <condition id="1" name="Is overlapping another object" sid="638619654806965" type="grape">
                                            <param id="0" name="Object">head</param>
                                        </condition>
                                    </conditions>
                                    <actions>
                                        <action id="-9" name="Destroy" sid="812796166375764" type="grape" />
                                    </actions>
                                </event-block>
                                <event-block sid="672447962661955">
                                    <conditions>
                                        <condition id="-22" name="Else" sid="632248524515913" type="System" />
                                    </conditions>
                                    <actions>
                                        <action id="6" name="Set speed" sid="473312930339408" type="grape">
                                            <param id="0" name="Speed">0.5</param>
                                        </action>
                                        <action id="-16" name="Wait" sid="910153519062137" type="System">
                                            <param id="0" name="Seconds">3</param>
                                        </action>
                                        <action id="-9" name="Destroy" sid="565807631901988" type="grape" />
                                    </actions>
                                </event-block>
                            </sub-events>
                        </event-block>
                    </sub-events>
                </event-block>
            </sub-events>
        </event-group>
        <event-group description="" sid="299653736893110" title="EatFood">
            <sub-events>
                <event-block sid="322115114661800">
                    <conditions>
                        <condition id="0" name="On collision with another object" sid="850207878086230" type="head">
                            <param id="0" name="Object">apple</param>
                        </condition>
                    </conditions>
                    <actions>
                        <action id="-9" name="Destroy" sid="662708136980732" type="apple" />
                        <action id="-10" name="Add to" sid="606994822565028" type="System">
                            <param id="0" name="Variable">gamescore</param>
                            <param id="1" name="Value">1</param>
                        </action>
                        <action id="-10" name="Add to" sid="360264815197413" type="System">
                            <param id="0" name="Variable">bodylength</param>
                            <param id="1" name="Value">1</param>
                        </action>
                    </actions>
                </event-block>
                <event-block sid="928522453787548">
                    <conditions>
                        <condition id="0" name="On collision with another object" sid="327188732950660" type="head">
                            <param id="0" name="Object">bannana</param>
                        </condition>
                    </conditions>
                    <actions>
                        <action id="-9" name="Destroy" sid="739525550495068" type="bannana" />
                        <action id="-10" name="Add to" sid="841334868312576" type="System">
                            <param id="0" name="Variable">gamescore</param>
                            <param id="1" name="Value">2</param>
                        </action>
                        <action id="-10" name="Add to" sid="604117130598186" type="System">
                            <param id="0" name="Variable">bodylength</param>
                            <param id="1" name="Value">1</param>
                        </action>
                    </actions>
                </event-block>
                <event-block sid="106689708208848">
                    <conditions>
                        <condition id="0" name="On collision with another object" sid="940648725836870" type="head">
                            <param id="0" name="Object">cactus</param>
                        </condition>
                    </conditions>
                    <actions>
                        <action id="-9" name="Destroy" sid="708646580413600" type="cactus" />
                        <action id="-2" name="Go to layout" sid="593653379377289" type="System">
                            <param id="0" name="Layout">gameover</param>
                        </action>
                    </actions>
                </event-block>
                <event-block sid="802514649250593">
                    <conditions>
                        <condition id="0" name="On collision with another object" sid="612798773736296" type="head">
                            <param id="0" name="Object">gam</param>
                        </condition>
                    </conditions>
                    <actions>
                        <action id="-9" name="Destroy" sid="343863669483946" type="gam" />
                        <action id="-10" name="Add to" sid="161883801486425" type="System">
                            <param id="0" name="Variable">gamescore</param>
                            <param id="1" name="Value">5</param>
                        </action>
                        <action id="-10" name="Add to" sid="280091176918555" type="System">
                            <param id="0" name="Variable">bodylength</param>
                            <param id="1" name="Value">1</param>
                        </action>
                    </actions>
                </event-block>
                <event-block sid="481506069075978">
                    <conditions>
                        <condition id="0" name="On collision with another object" sid="474546098330558" type="head">
                            <param id="0" name="Object">grape</param>
                        </condition>
                    </conditions>
                    <actions>
                        <action id="-9" name="Destroy" sid="382922044834662" type="grape" />
                        <action id="-10" name="Add to" sid="555767310707448" type="System">
                            <param id="0" name="Variable">gamescore</param>
                            <param id="1" name="Value">10</param>
                        </action>
                        <action id="-10" name="Add to" sid="841921995970357" type="System">
                            <param id="0" name="Variable">bodylength</param>
                            <param id="1" name="Value">1</param>
                        </action>
                    </actions>
                </event-block>
            </sub-events>
        </event-group>
        <event-group description="" sid="924566875779165" title="Music">
            <sub-events>
                <event-block sid="759149406505975">
                    <conditions>
                        <condition id="-2" name="On start of layout" sid="100457408937946" type="System" />
                    </conditions>
                    <actions>
                        <action id="0" name="Play" sid="991321322077553" type="Audio">
                            <param id="0" name="Audio file">7th_Floor_Tango (online-audio-converter.com)</param>
                            <param id="2" name="Loop">1</param>
                            <param id="3" name="Volume">0</param>
                            <param id="1" name="Tag (optional)">&quot;&quot;</param>
                        </action>
                    </actions>
                </event-block>
                <event-block sid="330482653940771">
                    <conditions>
                        <condition id="-3" name="On end of layout" sid="491359553718282" type="System" />
                    </conditions>
                    <actions>
                        <action id="0" name="Play" sid="903809117600502" type="Audio">
                            <param id="0" name="Audio file">end</param>
                            <param id="2" name="Loop">0</param>
                            <param id="3" name="Volume">0</param>
                            <param id="1" name="Tag (optional)">&quot;&quot;</param>
                        </action>
                    </actions>
                </event-block>
                <event-block sid="718295485397242">
                    <conditions>
                        <condition id="3" name="On touched object" sid="895224870083664" type="Touch">
                            <param id="0" name="Object">pause_icon</param>
                        </condition>
                    </conditions>
                    <actions>
                        <action id="-9" name="Set value" sid="997309762563453" type="System">
                            <param id="0" name="Variable">paused</param>
                            <param id="1" name="Value">1</param>
                        </action>
                    </actions>
                </event-block>
                <event-block sid="958517673524077">
                    <conditions>
                        <condition id="3" name="On touched object" sid="246443779953361" type="Touch">
                            <param id="0" name="Object">resume_icon</param>
                        </condition>
                    </conditions>
                    <actions>
                        <action id="-9" name="Set value" sid="556557531463480" type="System">
                            <param id="0" name="Variable">paused</param>
                            <param id="1" name="Value">0</param>
                        </action>
                    </actions>
                </event-block>
                <event-block sid="871324970958611">
                    <conditions>
                        <condition id="-14" name="Compare variable" sid="717508978057533" type="System">
                            <param id="0" name="Variable">paused</param>
                            <param id="1" name="Comparison">0</param>
                            <param id="2" name="Value">1</param>
                        </condition>
                    </conditions>
                    <actions>
                        <action id="-13" name="Set time scale" sid="369210396325799" type="System">
                            <param id="0" name="Time scale">0</param>
                        </action>
                        <action id="-15" name="Set visible" sid="675669201534186" type="pause">
                            <param id="0" name="Visibility">1</param>
                        </action>
                        <action id="-4" name="Set position to another object" sid="744489528285762" type="resume_icon">
                            <param id="0" name="Object">pause_icon</param>
                            <param id="1" name="Image point (optional)">0</param>
                        </action>
                        <action id="-24" name="Move to top" sid="759781691943699" type="resume_icon" />
                    </actions>
                </event-block>
                <event-block sid="473071920085600">
                    <conditions>
                        <condition id="-14" name="Compare variable" sid="532340448757732" type="System">
                            <param id="0" name="Variable">paused</param>
                            <param id="1" name="Comparison">0</param>
                            <param id="2" name="Value">0</param>
                        </condition>
                    </conditions>
                    <actions>
                        <action id="-4" name="Set position to another object" sid="511967493719396" type="resume_icon">
                            <param id="0" name="Object">outoflayout</param>
                            <param id="1" name="Image point (optional)">0</param>
                        </action>
                        <action id="-13" name="Set time scale" sid="687685966456392" type="System">
                            <param id="0" name="Time scale">1</param>
                        </action>
                        <action id="-15" name="Set visible" sid="560628241278807" type="pause">
                            <param id="0" name="Visibility">0</param>
                        </action>
                    </actions>
                </event-block>
                <event-block sid="252036963847969">
                    <conditions>
                        <condition id="3" name="On touched object" sid="583234646929976" type="Touch">
                            <param id="0" name="Object">music_resume_icn</param>
                        </condition>
                    </conditions>
                    <actions>
                        <action id="-9" name="Set value" sid="974397418017793" type="System">
                            <param id="0" name="Variable">music</param>
                            <param id="1" name="Value">1</param>
                        </action>
                    </actions>
                </event-block>
                <event-block sid="807827997832298">
                    <conditions>
                        <condition id="3" name="On touched object" sid="526994223394546" type="Touch">
                            <param id="0" name="Object">nomusic</param>
                        </condition>
                    </conditions>
                    <actions>
                        <action id="-9" name="Set value" sid="812751753615133" type="System">
                            <param id="0" name="Variable">music</param>
                            <param id="1" name="Value">0</param>
                        </action>
                    </actions>
                </event-block>
                <event-block sid="653831910008322">
                    <conditions>
                        <condition id="-14" name="Compare variable" sid="353153789365426" type="System">
                            <param id="0" name="Variable">music</param>
                            <param id="1" name="Comparison">0</param>
                            <param id="2" name="Value">1</param>
                        </condition>
                    </conditions>
                    <actions>
                        <action id="22" name="Set paused" sid="609020544618907" type="Audio">
                            <param id="0" name="Tag">&quot;&quot;</param>
                            <param id="1" name="State">0</param>
                        </action>
                        <action id="-9" name="Set value" sid="514174232090589" type="System">
                            <param id="0" name="Variable">music</param>
                            <param id="1" name="Value">1</param>
                        </action>
                        <action id="-4" name="Set position to another object" sid="479392950089033" type="nomusic">
                            <param id="0" name="Object">music_resume_icn</param>
                            <param id="1" name="Image point (optional)">0</param>
                        </action>
                        <action id="-24" name="Move to top" sid="202723719729921" type="nomusic" />
                    </actions>
                </event-block>
                <event-block sid="875786847212070">
                    <conditions>
                        <condition id="-14" name="Compare variable" sid="646529390808836" type="System">
                            <param id="0" name="Variable">music</param>
                            <param id="1" name="Comparison">0</param>
                            <param id="2" name="Value">0</param>
                        </condition>
                    </conditions>
                    <actions>
                        <action id="22" name="Set paused" sid="946088763111283" type="Audio">
                            <param id="0" name="Tag">&quot;&quot;</param>
                            <param id="1" name="State">1</param>
                        </action>
                        <action id="-9" name="Set value" sid="248012577263059" type="System">
                            <param id="0" name="Variable">music</param>
                            <param id="1" name="Value">0</param>
                        </action>
                        <action id="-4" name="Set position to another object" sid="975340045338613" type="nomusic">
                            <param id="0" name="Object">outoflayout</param>
                            <param id="1" name="Image point (optional)">0</param>
                        </action>
                    </actions>
                </event-block>
            </sub-events>
        </event-group>
        <event-block sid="942789016152833">
            <conditions>
                <condition id="-1" name="Every tick" sid="532694727668395" type="System" />
            </conditions>
            <actions>
                <action id="0" name="Set text" sid="993195438089447" type="scorenum">
                    <param id="0" name="Text">gamescore</param>
                </action>
            </actions>
        </event-block>
        <event-block sid="826572025757415">
            <conditions>
                <condition id="-14" name="Compare variable" sid="661122758149645" type="System">
                    <param id="0" name="Variable">bodylength</param>
                    <param id="1" name="Comparison">3</param>
                    <param id="2" name="Value">15</param>
                </condition>
            </conditions>
            <actions>
                <action id="-9" name="Set value" sid="962167747883881" type="System">
                    <param id="0" name="Variable">snakespeed</param>
                    <param id="1" name="Value">0.5</param>
                </action>
            </actions>
        </event-block>
        <event-block sid="751184311896012">
            <conditions>
                <condition id="-14" name="Compare variable" sid="139009714942840" type="System">
                    <param id="0" name="Variable">bodylength</param>
                    <param id="1" name="Comparison">4</param>
                    <param id="2" name="Value">15</param>
                </condition>
            </conditions>
            <actions>
                <action id="-9" name="Set value" sid="470160322492486" type="System">
                    <param id="0" name="Variable">snakespeed</param>
                    <param id="1" name="Value">0.4</param>
                </action>
            </actions>
        </event-block>
        <event-block sid="201253510730438">
            <conditions>
                <condition id="-14" name="Compare variable" sid="113091409804961" type="System">
                    <param id="0" name="Variable">bodylength</param>
                    <param id="1" name="Comparison">4</param>
                    <param id="2" name="Value">25</param>
                </condition>
            </conditions>
            <actions>
                <action id="-9" name="Set value" sid="145333768145555" type="System">
                    <param id="0" name="Variable">snakespeed</param>
                    <param id="1" name="Value">0.3</param>
                </action>
            </actions>
        </event-block>
    </events>
</c2eventsheet>
