﻿<?xml version="1.0" encoding="utf-8" ?>
<c2eventsheet>
    <!--All the 'name' attributes are ignored by Construct 2 - they are there for readability only.-->
    <name>gameoversheet</name>
    <events>
        <event-block sid="824225778396449">
            <conditions>
                <condition id="-2" name="On start of layout" sid="639313317904071" type="System" />
            </conditions>
            <actions>
                <action id="0" name="Set text" sid="680181345876490" type="goscnum">
                    <param id="0" name="Text">gamescore</param>
                </action>
                <action disabled="1" id="-16" name="Wait" sid="611906773696277" type="System">
                    <param id="0" name="Seconds">0.5</param>
                </action>
                <action disabled="1" id="33" name="Stop all" sid="915963817683565" type="Audio" />
            </actions>
        </event-block>
        <event-block sid="748054570821348">
            <conditions>
                <condition id="3" name="On touched object" sid="653698521884489" type="Touch">
                    <param id="0" name="Object">snake_die_restart</param>
                </condition>
            </conditions>
            <actions>
                <action id="-2" name="Go to layout" sid="135777981586863" type="System">
                    <param id="0" name="Layout">start</param>
                </action>
            </actions>
        </event-block>
        <event-block sid="950032296107782">
            <conditions>
                <condition id="3" name="Compare frame" sid="730450800060937" type="snake_die_ring">
                    <param id="0" name="Comparison">0</param>
                    <param id="1" name="Number">3</param>
                </condition>
            </conditions>
            <actions>
                <action id="3" name="Start" sid="102080705818321" type="snake_die_ring">
                    <param id="0" name="From">1</param>
                </action>
            </actions>
        </event-block>
        <event-block sid="166968374641456">
            <conditions>
                <condition id="-14" name="Compare variable" sid="389223585603586" type="System">
                    <param id="0" name="Variable">music</param>
                    <param id="1" name="Comparison">0</param>
                    <param id="2" name="Value">1</param>
                </condition>
            </conditions>
            <actions>
                <action id="33" name="Stop all" sid="552951472964703" type="Audio" />
            </actions>
        </event-block>
        <event-block sid="901252326980003">
            <conditions>
                <condition id="-14" name="Compare variable" sid="668109632278989" type="System">
                    <param id="0" name="Variable">music</param>
                    <param id="1" name="Comparison">0</param>
                    <param id="2" name="Value">0</param>
                </condition>
            </conditions>
            <actions>
                <action id="-16" name="Wait" sid="509456405476724" type="System">
                    <param id="0" name="Seconds">0.5</param>
                </action>
                <action id="33" name="Stop all" sid="513498416248438" type="Audio" />
            </actions>
        </event-block>
    </events>
</c2eventsheet>
