﻿<?xml version="1.0" encoding="utf-8" ?>
<c2eventsheet>
    <!--All the 'name' attributes are ignored by Construct 2 - they are there for readability only.-->
    <name>startsheet</name>
    <events>
        <event-block sid="502269000551016">
            <conditions>
                <condition id="3" name="On touched object" sid="870480219714188" type="Touch">
                    <param id="0" name="Object">start</param>
                </condition>
            </conditions>
            <actions>
                <action id="-2" name="Go to layout" sid="595655308926997" type="System">
                    <param id="0" name="Layout">gamelayout</param>
                </action>
            </actions>
        </event-block>
        <event-block sid="165048957091399">
            <conditions>
                <condition id="3" name="Compare frame" sid="227995843667578" type="snake_start">
                    <param id="0" name="Comparison">0</param>
                    <param id="1" name="Number">5</param>
                </condition>
            </conditions>
            <actions>
                <action id="3" name="Start" sid="504507408609311" type="snake_start">
                    <param id="0" name="From">1</param>
                </action>
            </actions>
        </event-block>
    </events>
</c2eventsheet>
